id,code,name,account_type,reconcile,name@id,non_trade
custom_100000,100000,ASET,asset_cash,False,,
custom_110000,110000,ASET LANCAR,asset_cash,False,,
custom_111000,111000,KAS DAN SETARA KAS,asset_cash,False,,
custom_111100,111100,PETTY CASH / KAS KECIL,asset_cash,False,,
l10n_id_11110001,111110,Kas Kecil Kantor Pusat,asset_cash,False,,
custom_111120,111120,Kas Kecil Dapur / Produksi Pastry,asset_cash,False,,
custom_111200,111200,KAS OUTLET / RETAIL POS,asset_cash,False,,
custom_111210,111210,Kas Outlet Ardimulyo / Singosari,asset_cash,False,,
custom_111220,111220,Kas Outlet Soekarno Hatta,asset_cash,False,,
custom_111230,111230,Kas Outlet Keboncagak / Batu,asset_cash,False,,
custom_111240,111240,Kas Outlet Rest Area 84B,asset_cash,False,,
custom_111300,111300,BANK OPERASIONAL,asset_cash,False,,
l10n_id_11120001,111301,Bank Mandiri Operasional Utama,asset_cash,False,,
custom_111302,111302,Bank BCA Operasional,asset_cash,False,,
custom_111303,111303,Bank BSI Settlement POS,asset_cash,False,,
account_journal_suspense_account_id,111990,Suspen Bank / Bank Suspense,asset_current,True,,
account_journal_payment_debit_account_id,111991,Penerimaan Belum Kliring / Outstanding Receipts,asset_current,True,,
account_journal_payment_credit_account_id,111992,Pembayaran Belum Kliring / Outstanding Payments,asset_current,True,,
transfer_account_id,111993,Transfer Internal Kas (Ayat Silang) / Liquidity Transfer,asset_current,True,,
custom_112000,112000,PIUTANG DAN CLEARING POS,asset_receivable,True,,
custom_112100,112100,PIUTANG USAHA PIHAK KE-3 & SETTLEMENT,asset_receivable,True,,
l10n_id_11210010,112110,Piutang Reseller / B2B,asset_receivable,True,,
custom_112130,112130,Piutang Settlement EDC (BCA / Mandiri),asset_receivable,True,,
custom_112140,112140,Piutang Settlement QRIS (BSI / QRIS Central),asset_receivable,True,,
custom_112150,112150,Piutang Special Corporate / Event Order,asset_receivable,True,,
l10n_id_11210011,112999,Piutang Usaha Lainnya,asset_receivable,True,,
custom_112200,112200,PIUTANG MARKETPLACE / ONLINE DELIVERY,asset_receivable,True,,
custom_112210,112210,Piutang GoFood,asset_receivable,True,,
custom_112220,112220,Piutang GrabFood,asset_receivable,True,,
custom_112230,112230,Piutang ShopeeFood,asset_receivable,True,,
custom_112300,112300,PIUTANG LAINNYA & ADVANCE,asset_receivable,True,,
custom_112310,112310,Cash Advance Operational / Travel Agent,asset_receivable,True,,
custom_112320,112320,Piutang Karyawan,asset_receivable,True,,
custom_112330,112330,Piutang Lain-Lain,asset_receivable,True,,
custom_112340,112340,Cadangan Kerugian Piutang Reseller,asset_receivable,True,,
custom_113000,113000,PERSEDIAAN (INVENTORY),asset_current,False,,
custom_113010,113010,Persediaan Bahan Baku Cake (Beli Koperasi),asset_current,False,,
custom_113020,113020,Persediaan Bahan Kemasan & Packaging Box,asset_current,False,,
custom_113030,113030,Persediaan Barang Dalam Proses (WIP Dapur),asset_current,False,,
custom_113040,113040,Persediaan Finished Goods Own Product (Pastry/Strudel),asset_current,False,,
custom_113050,113050,Persediaan Produk Titipan / Konsinyasi NOP (Koperasi),asset_current,False,,
custom_113060,113060,Persediaan Merchandise & NOP Beli Putus (Koperasi),asset_current,False,,
custom_113070,113070,Cadangan Penurunan Nilai / Spoilage Persediaan,asset_current,False,,
custom_113998,113998,Pengiriman Barang Belum Ditagih / Stock Interim (Delivered),asset_current,True,,
l10n_id_11300180,113999,Persediaan Lainnya / Other Inventory,asset_current,False,,
custom_114000,114000,UANG MUKA DAN BIAYA DIBAYAR DIMUKA,asset_current,False,,
custom_114100,114100,UANG MUKA PEMBELIAN & SEWA,asset_current,False,,
custom_114110,114110,Uang Muka Pembelian Bahan Baku ke Koperasi,asset_current,False,,
custom_114120,114120,Uang Muka Sewa Outlet,asset_current,False,,
custom_114130,114130,Uang Muka Sewa Dapur Produksi / Kitchen,asset_current,False,,
custom_114200,114200,BIAYA DIBAYAR DIMUKA,asset_prepayments,False,,
custom_114210,114210,Sewa Outlet Dibayar Dimuka,asset_prepayments,False,,
custom_114220,114220,Asuransi Dibayar Dimuka,asset_prepayments,False,,
custom_114230,114230,Software / Odoo SaaS Dibayar Dimuka (Ke Koperasi),asset_prepayments,False,,
l10n_id_11210040,114240,Biaya Dibayar Dimuka Lainnya,asset_prepayments,False,,
custom_115000,115000,PAJAK DIBAYAR DIMUKA,asset_current,False,,
l10n_id_11210030,115010,PPN Masukan,asset_current,False,,
custom_115020,115020,PPh Pasal 25 Dibayar Dimuka,asset_current,False,,
custom_115030,115030,PPh Pasal 23 Dibayar Dimuka,asset_current,False,,
custom_115040,115040,PPh Pasal 4 Ayat 2 Dibayar Dimuka,asset_current,False,,
custom_120000,120000,ASET TETAP,asset_current,False,,
custom_121000,121000,NILAI PEROLEHAN ASET TETAP,asset_current,False,,
custom_121010,121010,Tanah,asset_fixed,False,,
custom_121020,121020,Bangunan Outlet & Dapur,asset_fixed,False,,
custom_121030,121030,Renovasi Outlet / Leasehold Improvement,asset_fixed,False,,
custom_121040,121040,Mesin dan Peralatan Dapur Produksi Pastry,asset_fixed,False,,
custom_121050,121050,"Peralatan Outlet, Chiller Display & System POS",asset_fixed,False,,
custom_121060,121060,Peralatan Kantor Pusat,asset_fixed,False,,
custom_121070,121070,Kendaraan Armada Distribusi Dapur-Outlet,asset_fixed,False,,
custom_121080,121080,Aset Dalam Penyelesaian (Renovasi Ongoing),asset_fixed,False,,
custom_121090,121090,Aset Tetap Lainnya,asset_fixed,False,,
custom_122000,122000,AKUMULASI PENYUSUTAN ASET TETAP,asset_current,False,,
custom_122010,122010,Akumulasi Penyusutan Renovasi Outlet,asset_fixed,False,,
custom_122020,122020,Akumulasi Penyusutan Mesin Dapur Produksi,asset_fixed,False,,
custom_122030,122030,Akumulasi Penyusutan Peralatan Outlet & POS,asset_fixed,False,,
custom_122040,122040,Akumulasi Penyusutan Peralatan Kantor,asset_fixed,False,,
custom_122050,122050,Akumulasi Penyusutan Kendaraan Armada,asset_fixed,False,,
custom_122060,122060,Akumulasi Penyusutan Aset Tetap Lainnya,asset_fixed,False,,
custom_130000,130000,ASET LAINNYA & AFILIASI,asset_current,False,,
custom_131000,131000,PIUTANG USAHA AFILIASI (TRADE INTERCOMPANY),asset_receivable,True,,
custom_131010,131010,Piutang Usaha Afiliasi - SP,asset_receivable,True,,
custom_131020,131020,Piutang Usaha Afiliasi - LM,asset_receivable,True,,
custom_131030,131030,Piutang Usaha Afiliasi - BK,asset_receivable,True,,
custom_131040,131040,Piutang Usaha Afiliasi - WT,asset_receivable,True,,
custom_131050,131050,Piutang Usaha Afiliasi - HKW,asset_receivable,True,,
custom_131060,131060,Piutang Usaha Afiliasi - Koperasi,asset_receivable,True,,
custom_131070,131070,Piutang Usaha Afiliasi - AMAZ,asset_receivable,True,,
custom_131080,131080,Piutang Usaha Afiliasi - SHS,asset_receivable,True,,
custom_131090,131090,Piutang Usaha Afiliasi - WRN,asset_receivable,True,,
custom_131100,131100,Piutang Usaha Afiliasi - WEN,asset_receivable,True,,
custom_131110,131110,Piutang Usaha Afiliasi - UGS,asset_receivable,True,,
custom_131120,131120,Piutang Usaha Afiliasi - MS,asset_receivable,True,,
custom_132000,132000,PIUTANG NON-USAHA AFILIASI (CASHFLOW),asset_receivable,True,,
custom_132010,132010,Piutang Non-Usaha Afiliasi - SP,asset_receivable,True,,
custom_132020,132020,Piutang Non-Usaha Afiliasi - LM,asset_receivable,True,,
custom_132030,132030,Piutang Non-Usaha Afiliasi - BK,asset_receivable,True,,
custom_132040,132040,Piutang Non-Usaha Afiliasi - WT,asset_receivable,True,,
custom_132050,132050,Piutang Non-Usaha Afiliasi - HKW,asset_receivable,True,,
custom_132060,132060,Piutang Non-Usaha Afiliasi - Koperasi,asset_receivable,True,,
custom_132070,132070,Piutang Non-Usaha Afiliasi - AMAZ,asset_receivable,True,,
custom_132080,132080,Piutang Non-Usaha Afiliasi - SHS,asset_receivable,True,,
custom_132090,132090,Piutang Non-Usaha Afiliasi - WRN,asset_receivable,True,,
custom_132100,132100,Piutang Non-Usaha Afiliasi - WEN,asset_receivable,True,,
custom_132110,132110,Piutang Non-Usaha Afiliasi - UGS,asset_receivable,True,,
custom_132120,132120,Piutang Non-Usaha Afiliasi - MS,asset_receivable,True,,
custom_133000,133000,PRA OPERASI & PIUTANG LAINNYA,asset_current,False,,
custom_133010,133010,Biaya Pra Operasi Outlet Baru,asset_current,False,,
custom_133020,133020,Akumulasi Penyusutan Pra Operasi,asset_current,False,,
custom_133030,133030,Piutang Fraud / Selisih Kasir Under Investigation,asset_current,True,,
custom_134000,134000,PENYERTAAN SAHAM / INVESTASI ANAK USAHA,asset_current,False,,
custom_134010,134010,Penyertaan Saham xxx,asset_current,False,,
custom_134020,134020,Penyertaan Saham xxx,asset_current,False,,
custom_134030,134030,Penyertaan Saham xxx,asset_current,False,,
custom_200000,200000,LIABILITAS (KEWAJIBAN),liability_current,True,,
custom_210000,210000,KEWAJIBAN LANCAR (JANGKA PENDEK),liability_current,True,,
custom_211000,211000,HUTANG USAHA PIHAK KE-3,liability_payable,True,,
l10n_id_21100010,211010,Hutang Supplier Pihak Ke-3 (Kemasan & Packaging Box),liability_payable,True,,
custom_211020,211020,Hutang Supplier Bahan Tambahan Dapur (Non-Koperasi),liability_payable,True,,
custom_211030,211030,Hutang Konsinyasi (Titipan Produk NOP Terjual),liability_payable,True,,
custom_211040,211040,Hutang Usaha Lainnya,liability_payable,True,,
custom_212000,212000,KEWAJIBAN PERPAJAKAN,liability_current,True,,
l10n_id_21221010,212010,Utang PPN Keluaran B2B,liability_current,True,,
custom_212020,212020,Utang PPh Pasal 21 (Gaji Staf Outlet & Dapur),liability_current,True,,
custom_212030,212030,Utang PPh Pasal 23 / 4(2) (Sewa / Jasa Eksternal),liability_current,True,,
custom_212040,212040,Utang PB1 / Pajak Restoran (Pemerintah Daerah),liability_current,True,,
custom_212050,212050,Utang PPh Badan Malang Strudel (Tahunan),liability_current,True,,
custom_213000,213000,KEWAJIBAN LANCAR LAINNYA & ACCRUED EXPENSES,liability_current,True,,
l10n_id_28110030,213010,Pendapatan Diterima Dimuka (Voucher / Advance Order),liability_current,True,,
custom_213020,213020,Hutang Gaji & Upah Karyawan YMH Dibayar,liability_current,True,,
custom_213030,213030,Hutang Pesangon & Imbalan Kerja,liability_current,True,,
custom_213040,213040,Hutang BPJS Kesehatan & Ketenagakerjaan,liability_current,True,,
custom_213050,213050,Hutang Sewa Outlet / Dapur Pihak Ke-3,liability_current,True,,
custom_213060,213060,Hutang Komisi Travel Agent & Driver Bus Wisata,liability_current,True,,
custom_213070,213070,Hutang Komisi Platform Online (GoFood/Grab/Shopee),liability_current,True,,
custom_213099,213099,Hutang Operasional & Utilities Outlet YMH Dibayar,liability_current,True,,
custom_220000,220000,KEWAJIBAN JANGKA PANJANG,liability_current,True,,
custom_221000,221000,HUTANG LEASING ASET TETAP,liability_current,True,,
custom_221010,221010,Hutang Leasing Mesin & Oven Produksi Pastry,liability_current,True,,
custom_221020,221020,Hutang Leasing Kendaraan Armada Distribusi,liability_current,True,,
custom_222000,222000,HUTANG BANK JANGKA PANJANG,liability_current,True,,
custom_222010,222010,Hutang Bank Mandiri (Kredit Investasi),liability_current,True,,
custom_222020,222020,Hutang Bank BRI,liability_current,True,,
custom_222030,222030,Hutang Bank BSI,liability_current,True,,
custom_222040,222040,Hutang Bank Jatim,liability_current,True,,
custom_222050,222050,Hutang Bank BPR / Lembaga Keuangan Lain,liability_current,True,,
custom_230000,230000,KEWAJIBAN AFILIASI & PEMEGANG SAHAM,liability_current,True,,
custom_231000,231000,HUTANG USAHA AFILIASI (TRADE INTERCOMPANY),liability_current,True,,
custom_231010,231010,Hutang Usaha Afiliasi - SP,liability_payable,True,,
custom_231020,231020,Hutang Usaha Afiliasi - LM,liability_payable,True,,
custom_231030,231030,Hutang Usaha Afiliasi - BK,liability_payable,True,,
custom_231040,231040,Hutang Usaha Afiliasi - WT,liability_payable,True,,
custom_231050,231050,Hutang Usaha Afiliasi - HKW,liability_payable,True,,
custom_231060,231060,Hutang Usaha Afiliasi - Koperasi,liability_payable,True,,
custom_231070,231070,Hutang Usaha Afiliasi - AMAZ,liability_payable,True,,
custom_231080,231080,Hutang Usaha Afiliasi - SHS,liability_payable,True,,
custom_231090,231090,Hutang Usaha Afiliasi - WRN,liability_payable,True,,
custom_231100,231100,Hutang Usaha Afiliasi - WEN,liability_payable,True,,
custom_231110,231110,Hutang Usaha Afiliasi - UGS,liability_payable,True,,
custom_231120,231120,Hutang Usaha Afiliasi - MS,liability_payable,True,,
custom_232000,232000,HUTANG NON-USAHA AFILIASI (CASHFLOW),liability_current,True,,
custom_232010,232010,Hutang Non-Usaha Afiliasi - SP,liability_current,True,,
custom_232020,232020,Hutang Non-Usaha Afiliasi - LM,liability_current,True,,
custom_232030,232030,Hutang Non-Usaha Afiliasi - BK,liability_current,True,,
custom_232040,232040,Hutang Non-Usaha Afiliasi - WT,liability_current,True,,
custom_232050,232050,Hutang Non-Usaha Afiliasi - HKW,liability_current,True,,
custom_232060,232060,Hutang Non-Usaha Afiliasi - Koperasi,liability_current,True,,
custom_232070,232070,Hutang Non-Usaha Afiliasi - AMAZ,liability_current,True,,
custom_232080,232080,Hutang Non-Usaha Afiliasi - SHS,liability_current,True,,
custom_232090,232090,Hutang Non-Usaha Afiliasi - WRN,liability_current,True,,
custom_232100,232100,Hutang Non-Usaha Afiliasi - WEN,liability_current,True,,
custom_232110,232110,Hutang Non-Usaha Afiliasi - UGS,liability_current,True,,
custom_232120,232120,Hutang Non-Usaha Afiliasi - MS,liability_current,True,,
custom_233000,233000,HUTANG PEMEGANG SAHAM / SETORAN MODAL PENDING,liability_current,True,,
custom_233010,233010,Hutang Pemegang Saham - Donny Kris,liability_current,True,,
custom_233020,233020,Hutang Pemegang Saham - Teungku Wisnu,liability_current,True,,
custom_299998,299998,Penerimaan Barang Belum Ditagih / Stock Interim (Received),liability_current,True,,
custom_299999,299999,Hutang Lainnya,liability_current,True,,
custom_300000,300000,EKUITAS (MODAL),equity,False,,
custom_310000,310000,MODAL DISETOR,equity,False,,
custom_310010,310010,Modal Disetor - Koperasi Mitra Winnertech (Holding),equity,False,,
custom_310020,310020,Modal Disetor - Tn. Donny Kris Puriyono,equity,False,,
custom_310030,310030,Modal Disetor - Tn. Teuku Wisnu,equity,False,,
custom_310040,310040,Tambahan Modal Disetor (Agio Saham),equity,False,,
custom_310050,310050,Selisih Tampungan Restrukturisasi Modal,equity,False,,
custom_320000,320000,DIVIDEN DAN PENARIKAN MODAL,equity,False,,
custom_320010,320010,Dividen Dibayarkan - Koperasi Mitra Winnertech,equity,False,,
custom_320020,320020,Dividen Dibayarkan - Pemegang Saham Pendiri,equity,False,,
custom_320030,320030,Pengambilan Prive / Pemegang Saham,equity,False,,
custom_330000,330000,LABA DITAHAN (RETAINED EARNINGS),equity,False,,
custom_331010,331010,Laba Ditahan Tahun-Tahun Lalu,equity,False,,
unaffected_earnings_account,331020,Laba Berjalan Periode Ini (Current Year Profit),equity_unaffected,False,,
custom_331030,331030,Koreksi Laba Ditahan Periode Lalu,equity,False,,
custom_331040,331040,Cadangan Umum / Cadangan Ekuitas,equity,False,,
custom_400000,400000,PENDAPATAN,income,False,,
custom_410000,410000,PENJUALAN UTAMA RETAIL & B2B,income,False,,
custom_411000,411000,PENJUALAN OWN PRODUCT (KUE PRODUKSI SENDIRI),income,False,,
l10n_id_41000010,411010,Penjualan Own Product - Outlet Tunai / Cash,income,False,,
custom_411020,411020,Penjualan Own Product - Outlet QRIS,income,False,,
custom_411030,411030,Penjualan Own Product - Outlet EDC Bank,income,False,,
custom_411040,411040,Penjualan Own Product - Reseller / B2B Kredit,income,False,,
custom_411050,411050,Penjualan Own Product - GoFood / GrabFood / ShopeeFood,income,False,,
custom_411090,411090,Penjualan Own Product - Intercompany Afiliasi,income,False,,
custom_412000,412000,PENJUALAN NON-OWN PRODUCT (NOP BELI PUTUS),income,False,,
custom_412010,412010,Penjualan NOP Beli Putus - Outlet Tunai / Cash,income,False,,
custom_412020,412020,Penjualan NOP Beli Putus - Outlet QRIS,income,False,,
custom_412030,412030,Penjualan NOP Beli Putus - Outlet EDC Bank,income,False,,
custom_412040,412040,Penjualan NOP Beli Putus - Reseller / B2B Kredit,income,False,,
custom_412050,412050,Penjualan NOP Beli Putus - GoFood / GrabFood / ShopeeFood,income,False,,
custom_412090,412090,Penjualan NOP Beli Putus - Intercompany Afiliasi,income,False,,
custom_413000,413000,PENJUALAN NON-OWN PRODUCT (NOP KONSINYASI / TITIPAN),income,False,,
custom_413010,413010,Penjualan NOP Konsinyasi - Outlet Tunai / Cash,income,False,,
custom_413020,413020,Penjualan NOP Konsinyasi - Outlet QRIS,income,False,,
custom_413030,413030,Penjualan NOP Konsinyasi - Outlet EDC Bank,income,False,,
custom_413040,413040,Penjualan NOP Konsinyasi - Reseller / B2B Kredit,income,False,,
custom_413050,413050,Penjualan NOP Konsinyasi - GoFood / GrabFood / ShopeeFood,income,False,,
custom_413090,413090,Penjualan NOP Konsinyasi - Intercompany Afiliasi,income,False,,
custom_420000,420000,POTONGAN & RETUR PENJUALAN (CONTRA REVENUE),income,False,,
custom_421000,421000,DISKON PENJUALAN & PROMO CAMPAIGN,income,False,,
custom_421010,421010,Diskon Penjualan POS Kasir Outlet,income,False,,
custom_421020,421020,Diskon Penjualan Wholesale / Reseller B2B,income,False,,
custom_421030,421030,Diskon Campaign Travel Agent / Voucher Wisata,income,False,,
custom_421040,421040,Promo / Voucher Digital App (GoFood/Grab/Shopee),income,False,,
custom_423000,423000,RETUR PENJUALAN,income,False,,
custom_423010,423010,Retur Penjualan Outlet Pelanggan,income,False,,
custom_423020,423020,Retur Penjualan Reseller / B2B,income,False,,
custom_430000,430000,PENDAPATAN OPERASIONAL LAINNYA,income,False,,
custom_431000,431000,PENDAPATAN OPERASIONAL LAIN-LAIN,income,False,,
custom_431010,431010,Pendapatan Packaging Extra / Plastic & Paperbag,income,False,,
custom_431020,431020,Pendapatan Komisi / Biaya Handling Event,income,False,,
custom_431099,431099,Pendapatan Operasional Outlet Lain-Lain,income,False,,
custom_500000,500000,HARGA POKOK PENJUALAN,expense_direct_cost,False,,
custom_510000,510000,HARGA POKOK PRODUKSI (OWN PRODUCT),expense_direct_cost,False,,
custom_511000,511000,BIAYA BAHAN BAKU (OWN PRODUCT),expense_direct_cost,False,,
custom_511010,511010,Biaya Pemakaian Bahan Baku - BOM (Beli Koperasi),expense_direct_cost,False,,
custom_511020,511020,Biaya Bahan Baku - Reject / Spoilage Dapur,expense_direct_cost,False,,
custom_511030,511030,Biaya Bahan Baku - Selisih Penerimaan,expense_direct_cost,False,,
l10n_id_42500010,511040,Biaya Bahan Baku - Selisih Stok Opname Dapur,expense_direct_cost,False,,
custom_512000,512000,BIAYA TENAGA KERJA LANGSUNG (PRODUKSI),expense_direct_cost,False,,
custom_512010,512010,Gaji Karyawan Dapur Produksi,expense_direct_cost,False,,
custom_512020,512020,Upah Harian Karyawan Dapur Produksi,expense_direct_cost,False,,
custom_512030,512030,Lembur Karyawan Produksi,expense_direct_cost,False,,
custom_512040,512040,Insentif / Bonus Produksi Dapur,expense_direct_cost,False,,
custom_512050,512050,Tunjangan Karyawan Produksi,expense_direct_cost,False,,
custom_512060,512060,BPJS / Asuransi Karyawan Produksi,expense_direct_cost,False,,
custom_512099,512099,Tenaga Kerja Produksi Lain-Lain,expense_direct_cost,False,,
custom_513000,513000,BIAYA OVERHEAD DAPUR PRODUKSI (BOP),expense_direct_cost,False,,
custom_513001,513001,Gas LPG Oven & Utility Produksi Pastry,expense_direct_cost,False,,
custom_513002,513002,Listrik Dapur Produksi,expense_direct_cost,False,,
custom_513003,513003,Air Dapur Produksi,expense_direct_cost,False,,
custom_513004,513004,Perlengkapan & Sanitasi Dapur Produksi,expense_direct_cost,False,,
custom_513005,513005,Maintenance Mesin & Oven Produksi,expense_direct_cost,False,,
custom_513006,513006,Kebersihan & Sanitasi Area Dapur,expense_direct_cost,False,,
custom_513007,513007,Waste & Scrap Produksi Dapur,expense_direct_cost,False,,
custom_513008,513008,Produk Gagal Produksi Pastry,expense_direct_cost,False,,
custom_513009,513009,Produk Rusak / Retur Dapur Internal,expense_direct_cost,False,,
custom_513014,513014,Sewa Area Dapur Produksi / Kitchen,expense_direct_cost,False,,
custom_513015,513015,Biaya Penyusutan Mesin & Peralatan Dapur,expense_direct_cost,False,,
custom_513999,513999,Overhead Produksi Lain-Lain,expense_direct_cost,False,,
custom_520000,520000,HARGA POKOK PEMBELIAN NON-OWN PRODUCT (NOP),expense_direct_cost,False,,
custom_521000,521000,HARGA PEMBELIAN NOP BELI PUTUS,expense_direct_cost,False,,
custom_521010,521010,HPP Finished Goods NOP Beli Putus (Koperasi),expense_direct_cost,False,,
custom_521020,521020,HPP Merchandise Beli Putus (Koperasi),expense_direct_cost,False,,
custom_521030,521030,Biaya Ongkos Angkut Pembelian NOP (Freight In),expense_direct_cost,False,,
custom_521040,521040,Biaya Selisih Stok Opname NOP Beli Putus,expense_direct_cost,False,,
custom_522000,522000,HARGA PEMBELIAN NOP KONSINYASI,expense_direct_cost,False,,
custom_522010,522010,HPP Finished Goods NOP Konsinyasi Terjual,expense_direct_cost,False,,
custom_522020,522020,HPP Merchandise Titipan Konsinyasi Terjual,expense_direct_cost,False,,
l10n_id_51000010,529999,Biaya Lainnya,expense_direct_cost,False,,
custom_530000,530000,PENYESUAIAN STOK & LOSSES EXPIRED PRODUCT,expense_direct_cost,False,,
custom_531000,531000,BIAYA PERSEDIAAN KADALUARSA & DAMAGE,expense_direct_cost,False,,
custom_531010,531010,Biaya Barang Expired / Kadaluarsa (Kue Fresh OP),expense_direct_cost,False,,
custom_531020,531020,Biaya Barang Damage / Rusak Display Outlet,expense_direct_cost,False,,
custom_531030,531030,Biaya Penurunan Nilai / Spoilage Inventory,expense_direct_cost,False,,
custom_600000,600000,BIAYA OPERASIONAL,expense,False,,
custom_610000,610000,BIAYA OUTLET DAN PENJUALAN,expense,False,,
custom_611000,611000,BIAYA GAJI DAN TUNJANGAN OUTLET,expense,False,,
custom_611010,611010,Gaji Karyawan Outlet / SPG / Kasir,expense,False,,
custom_611020,611020,Lembur Karyawan Outlet,expense,False,,
custom_611030,611030,Insentif / Bonus Target Penjualan Outlet,expense,False,,
custom_611040,611040,Tunjangan Karyawan Outlet,expense,False,,
custom_611050,611050,BPJS / Asuransi Karyawan Outlet,expense,False,,
custom_611060,611060,THR Karyawan Outlet,expense,False,,
custom_611070,611070,PPh 21 Karyawan Outlet,expense,False,,
custom_611999,611999,Biaya Tenaga Kerja Outlet Lainnya,expense,False,,
custom_612000,612000,BIAYA OPERASIONAL OUTLET & SPOILAGE ABNORMAL,expense,False,,
custom_612010,612010,Sewa Tempat / Outlet (Ke Koperasi & Pihak 3),expense,False,,
custom_612020,612020,"Listrik, Air & Utilitas Outlet",expense,False,,
custom_612030,612030,Kebersihan & Sanitasi Outlet,expense,False,,
custom_612040,612040,Packaging Penjualan / Kantong Plastik & Paperbag,expense,False,,
custom_612050,612050,Biaya Delivery / Pengiriman Antar-Outlet & Hub,expense,False,,
custom_612060,612060,Biaya Operasional Outlet - Kerusakan & Selisih Barang,expense,False,,
custom_612070,612070,Biaya Operasional System POS & Kasir,expense,False,,
custom_612080,612080,Perlengkapan & Equipment Outlet,expense,False,,
custom_612090,612090,Maintenance & Perbaikan Outlet / Chiller,expense,False,,
custom_612100,612100,Perizinan & Legalitas Outlet Local,expense,False,,
custom_612999,612999,Biaya Operasional Outlet Lainnya,expense,False,,
custom_613000,613000,BIAYA KOMISI TRAVEL AGENT DAN MARKETPLACE,expense,False,,
custom_613010,613010,Komisi Travel Agent / Driver Bus Rombongan Wisata,expense,False,,
custom_613020,613020,Komisi GoFood,expense,False,,
custom_613030,613030,Komisi GrabFood,expense,False,,
custom_613040,613040,Komisi ShopeeFood,expense,False,,
custom_613999,613999,Komisi Marketplace & Partner Lainnya,expense,False,,
custom_614000,614000,BIAYA PAYMENT GATEWAY DAN TRANSACTION FEE,expense,False,,
custom_614010,614010,Biaya MDR EDC Bank (BCA / Mandiri / BSI),expense,False,,
custom_614020,614020,Biaya MDR QRIS (BSI / QRIS Central),expense,False,,
custom_614030,614030,Biaya Payment Gateway & Bank Transfer Fee,expense,False,,
custom_620000,620000,BIAYA MARKETING DAN PROMOSI,expense,False,,
custom_621000,621000,BIAYA MARKETING ONLINE & DIGITAL,expense,False,,
custom_621010,621010,Meta Ads (Facebook & Instagram Ads),expense,False,,
custom_621020,621020,TikTok Ads & Branding Content,expense,False,,
custom_621030,621030,Google Ads & SEO Portal,expense,False,,
custom_621040,621040,Marketplace Ads (Shopee/Tokopedia/TikTok Shop),expense,False,,
custom_621050,621050,Endorsement / Influencer / KOL Kuliner,expense,False,,
custom_621060,621060,Agency / Social Media Management,expense,False,,
custom_621070,621070,Campaign / Promo Digital Wisata,expense,False,,
custom_621080,621080,Desain Promosi Digital,expense,False,,
custom_621090,621090,Foto & Video Produk untuk Konten Digital,expense,False,,
custom_621999,621999,Biaya Online Marketing Lain-Lain,expense,False,,
custom_622000,622000,BIAYA MARKETING OFFLINE & PROMOTION,expense,False,,
custom_622010,622010,"Event, Sponsorship & Bazaar Wisata",expense,False,,
custom_622020,622020,Sampling Produk Strudel Fresh & Promotion,expense,False,,
custom_622030,622030,Merchandise / Branding Material / Billboard,expense,False,,
custom_622040,622040,Desain Promosi Cetak & Brosur Wisata,expense,False,,
custom_622050,622050,Foto & Video Produk untuk Materi Offline,expense,False,,
custom_622060,622060,Campaign & Promo Offline Wisata,expense,False,,
custom_622070,622070,Biaya Offline Marketing Lain-Lain,expense,False,,
custom_622080,622080,Biaya Komisi Sales B2B / Reseller Mitra,expense,False,,
custom_630000,630000,BIAYA ADM DAN UMUM (HEADQUARTERS),expense,False,,
custom_631000,631000,BIAYA GAJI DAN TUNJANGAN ADM UMUM,expense,False,,
custom_631010,631010,"Gaji Karyawan Administrasi, Finance",expense,False,,
custom_631020,631020,Lembur Karyawan Administrasi & Umum,expense,False,,
custom_631030,631030,Insentif / Bonus Administrasi & Umum,expense,False,,
custom_631040,631040,Tunjangan Karyawan Administrasi & Umum,expense,False,,
custom_631050,631050,BPJS / Asuransi Karyawan Administrasi,expense,False,,
custom_631060,631060,THR Karyawan Administrasi,expense,False,,
custom_631070,631070,PPh 21 Karyawan Administrasi,expense,False,,
custom_631099,631099,Biaya Tenaga Kerja Administrasi & Lainnya,expense,False,,
custom_632000,632000,BIAYA OPERASIONAL ADM DAN UMUM,expense,False,,
custom_632010,632010,Alat Tulis Kantor (ATK) & Office Supplies,expense,False,,
custom_632020,632020,"Materai, Pos & Pengiriman Dokumen",expense,False,,
custom_632030,632030,Biaya Sewa Software Odoo ERP (Ke Koperasi),expense,False,,
custom_632040,632040,"Internet, Telepon & Komunikasi Kantor Pusat",expense,False,,
custom_632050,632050,Perlengkapan Kantor Pusat,expense,False,,
custom_632060,632060,"Konsumsi, Dapur & Rumah Tangga Kantor",expense,False,,
custom_632070,632070,Keamanan & Kebersihan Kantor Pusat,expense,False,,
custom_632080,632080,"Transportasi, BBM, Tol & Parkir Operational",expense,False,,
custom_632999,632999,Operasional Administrasi & Umum Lainnya,expense,False,,
custom_633000,633000,"BIAYA KANTOR, LEGAL, AUDIT DAN GENERAL",expense,False,,
custom_633010,633010,Biaya Sewa Kantor Pusat,expense,False,,
custom_633020,633020,Biaya Sewa Mess / Akomodasi Karyawan,expense,False,,
custom_633030,633030,"Perizinan, Akta Notaris & Legalitas",expense,False,,
custom_633040,633040,"Pajak, Retribusi & Administrasi Hukum",expense,False,,
custom_633050,633050,Perjalanan Dinas Manajemen,expense,False,,
custom_633060,633060,Entertainment & Jamuan Tamu B2B / Mitra,expense,False,,
custom_633070,633070,Service & Operasional Kendaraan Dinas,expense,False,,
custom_633080,633080,"Konsultan, Audit & Jasa Profesional",expense,False,,
custom_633999,633999,Biaya Legal & Umum Lainnya,expense,False,,
custom_640000,640000,BIAYA PRODUK DAN BISNIS DEVELOPMENT,expense,False,,
custom_641000,641000,BIAYA PRODUK DEVELOPMENT & R&D,expense,False,,
custom_641100,641100,Biaya R&D Resep Varian Baru Strudel / Pastry,expense,False,,
custom_641200,641200,"Biaya Uji Lab, BPOM & Quality Control Pastry",expense,False,,
custom_641300,641300,Produk Sampling Internal Dapur,expense,False,,
custom_642000,642000,BIAYA BISNIS DEVELOPMENT & EXPANSION,expense,False,,
custom_642100,642100,Biaya Project Expansion Outlet Baru,expense,False,,
custom_700000,700000,DEPRESIASI DAN AMORTISASI,expense,False,,
custom_710000,710000,BIAYA DEPRESIASI / PENYUSUTAN ASET TETAP,expense,False,,
custom_711000,711000,BIAYA PENYUSUTAN RENOVASI OUTLET & KITCHEN,expense,False,,
custom_711010,711010,Biaya Penyusutan Renovasi Outlet,expense,False,,
custom_711020,711020,Biaya Penyusutan Renovasi Dapur Produksi Pastry,expense,False,,
custom_712000,712000,BIAYA PENYUSUTAN MESIN & PERALATAN PRODUKSI,expense,False,,
custom_712010,712010,Biaya Penyusutan Mesin & Peralatan Dapur Produksi,expense,False,,
custom_712020,712020,Biaya Penyusutan Chiller & Cold Storage Dapur,expense,False,,
custom_713000,713000,BIAYA PENYUSUTAN PERALATAN OUTLET & POS,expense,False,,
custom_713010,713010,Biaya Penyusutan Showcase Chiller Display Outlet,expense,False,,
custom_713020,713020,Biaya Penyusutan Hardware POS Kasir & Barcode,expense,False,,
custom_713030,713030,"Biaya Penyusutan AC, Furniture & Interior Display",expense,False,,
custom_714000,714000,BIAYA PENYUSUTAN KENDARAAN ARMADA,expense,False,,
custom_714010,714010,Biaya Penyusutan Mobil Box Distribusi Dapur-Outlet,expense,False,,
custom_714020,714020,Biaya Penyusutan Motor Operasional Field Staff,expense,False,,
custom_715000,715000,BIAYA PENYUSUTAN ASET TETAP LAINNYA,expense,False,,
custom_715010,715010,Biaya Penyusutan Komputer & Hardware,expense,False,,
custom_715099,715099,Biaya Penyusutan Aset Tetap Lain-Lain,expense,False,,
custom_720000,720000,BIAYA AMORTISASI ASET TAK BERWUJUD & DIBAYAR DIMUKA,expense,False,,
custom_721000,721000,BIAYA AMORTISASI SEWA PLACE & BUILDINGS,expense,False,,
custom_721010,721010,Biaya Amortisasi Sewa Tempat Outlet,expense,False,,
custom_721020,721020,Biaya Amortisasi Sewa Bangunan Dapur Produksi,expense,False,,
custom_721030,721030,Biaya Amortisasi Sewa Kantor Pusat,expense,False,,
custom_722000,722000,BIAYA AMORTISASI ASURANSI ASET,expense,False,,
custom_722010,722010,Biaya Amortisasi Asuransi Kebakaran & Aset Outlet,expense,False,,
custom_722020,722020,Biaya Amortisasi Asuransi Armada Distribusi,expense,False,,
custom_723000,723000,BIAYA AMORTISASI SOFTWARE & LISENSI LOCAL,expense,False,,
custom_723010,723010,Biaya Amortisasi Custom Add-on POS & App Malang Strudel,expense,False,,
custom_724000,724000,BIAYA AMORTISASI DIBAYAR DIMUKA LAINNYA,expense,False,,
custom_724010,724010,Biaya Amortisasi Sertifikasi Halal & BPOM,expense,False,,
custom_724020,724020,Biaya Amortisasi Perizinan & Retribusi Daerah Long-Term,expense,False,,
custom_800000,800000,PENDAPATAN / BEBAN DARI LUAR USAHA,income_other,False,,
custom_810000,810000,PENDAPATAN LUAR USAHA & TREASURY,income_other,False,,
custom_811000,811000,PENDAPATAN BUNGA & TREASURY FINANCING,income_other,False,,
custom_811010,811010,Pendapatan Bunga Bank & Jasa Giro,income_other,False,,
custom_811020,811020,Pendapatan Bagi Hasil Intercompany Cashflow,income_other,False,,
custom_811030,811030,Pendapatan Klaim Asuransi & Ganti Rugi,income_other,False,,
custom_811099,811099,Pendapatan Luar Usaha Lainnya,income_other,False,,
l10n_id_99900002,811999,Keuntungan Selisih Kas / Cash Difference Gain,income_other,False,,
custom_820000,820000,BEBAN LUAR USAHA & BIAYA KEUANGAN,expense,False,,
custom_821000,821000,BEBAN ADMINISTRASI BANK & BIAYA KEUANGAN,expense,False,,
custom_821010,821010,Biaya Admin Bank Bulanan & Transfer Fee,expense,False,,
custom_821020,821020,Pajak Bunga Bank & Jasa Giro (PPh Pasal 4(2)),expense,False,,
custom_821030,821030,Biaya Bunga Pinjaman Bank Jangka Panjang,expense,False,,
custom_821040,821040,Biaya Bunga / Bagi Hasil Intercompany Cashflow,expense,False,,
custom_822000,822000,BEBAN / PENDAPATAN LAIN-LAIN & GAIN LOSS ASET,expense,False,,
custom_822010,822010,Keuntungan / (Kerugian) Penjualan Aset Tetap,expense,False,,
l10n_id_91100020,822020,Selisih Kurs Mata Uang Asing (Realized / Unrealized),expense,False,,
custom_822099,822099,Beban Luar Usaha Lain-Lain,expense,False,,
l10n_id_99900001,822999,Kerugian Selisih Kas / Cash Difference Loss,expense,False,,
custom_830000,830000,BEBAN PAJAK PENGHASILAN (TAX EXPENSE),expense,False,,
custom_831000,831000,PAJAK PENGHASILAN BADAN (PPH BADAN),expense,False,,
custom_831010,831010,Beban Pajak Penghasilan Badan (PPh Badan),expense,False,,
custom_831020,831020,Penyesuaian Pajak Tangguhan (Deferred Tax),expense,False,,
l10n_id_11210012,11210012,VAT Receivable,asset_receivable,True,,True
l10n_id_11210013,11210013,STLG Receivable,asset_receivable,True,,True
l10n_id_21100011,21100011,VAT Payable,liability_payable,True,,True
l10n_id_21100012,21100012,STLG Payable,liability_payable,True,,True
l10n_id_81100030,81100030,Foreign Exchange Gain,income_other,False,Keuntungan Selisih Kurs,
l10n_id_99900003,99900003,Cash Discount Loss,expense,False,,
l10n_id_99900004,99900004,Cash Discount Gain,income_other,False,,
